iteration,amount,time,type
1,4000,11.071946497000681,total_time
1,4000,6.665454118000525,validating_time
1,4000,0.00019239600078435615,metadata_time
1,4000,4.121972992999872,requests_time
1,4000,0.11057242799961386,creating_time
1,4000,0.17326941800001805,inserting_time
1,3000,8.132655763000002,total_time
1,3000,4.909855955000239,validating_time
1,3000,0.0002907230000346317,metadata_time
1,3000,2.935427649000303,requests_time
1,3000,0.1279877540000598,creating_time
1,3000,0.15858472399941093,inserting_time
1,1000,3.5160932859998866,total_time
1,1000,2.128476836000118,validating_time
1,1000,0.00023632900047232397,metadata_time
1,1000,1.1990333260000625,requests_time
1,1000,0.11757478999970772,creating_time
1,1000,0.07034572300017317,inserting_time
1,6000,14.52237278099983,total_time
1,6000,8.790098716999637,validating_time
1,6000,0.0003056820005440386,metadata_time
1,6000,5.25281961499968,requests_time
1,6000,0.1938664119998066,creating_time
1,6000,0.2847591489999104,inserting_time
1,5000,13.44813392100059,total_time
1,5000,8.297836147000453,validating_time
1,5000,0.00026222900032735197,metadata_time
1,5000,4.822156696000093,requests_time
1,5000,0.13276139100071305,creating_time
1,5000,0.19462001200008672,inserting_time
1,7000,17.405908067999917,total_time
1,7000,10.47649660299976,validating_time
1,7000,0.0003639619999376009,metadata_time
1,7000,6.3971467560004385,requests_time
1,7000,0.11877159899995604,creating_time
1,7000,0.4125510160001795,inserting_time
1,8000,18.21825724900009,total_time
1,8000,10.702961896000488,validating_time
1,8000,0.00030391800009965664,metadata_time
1,8000,6.972400203000689,requests_time
1,8000,0.12223962400003074,creating_time
1,8000,0.41981691000000865,inserting_time
1,2000,6.175318687000072,total_time
1,2000,3.7900886600000376,validating_time
1,2000,0.00040480099960404914,metadata_time
1,2000,2.052102964000369,requests_time
1,2000,0.2266574760005824,creating_time
1,2000,0.10554320499977621,inserting_time
1,10000,22.165926351000053,total_time
1,10000,13.536393977999978,validating_time
1,10000,0.0003299469999547,metadata_time
1,10000,7.983832445999724,requests_time
1,10000,0.12540026199985732,creating_time
1,10000,0.5192867689993363,inserting_time
1,9000,20.469459338999513,total_time
1,9000,12.06854962199941,validating_time
1,9000,0.0002623489999677986,metadata_time
1,9000,7.802723886000422,requests_time
1,9000,0.14560007199997926,creating_time
1,9000,0.45182305600064865,inserting_time
2,4000,10.737594597999305,total_time
2,4000,6.258339439999872,validating_time
2,4000,0.00029355900005612057,metadata_time
2,4000,4.169452035999711,requests_time
2,4000,0.1360233879995576,creating_time
2,4000,0.1730009319999226,inserting_time
2,3000,8.021107483999913,total_time
2,3000,4.910785750999821,validating_time
2,3000,0.00025162800011457875,metadata_time
2,3000,2.7387179810002635,requests_time
2,3000,0.21485711700006505,creating_time
2,3000,0.15602173600018432,inserting_time
2,1000,3.1932642049996502,total_time
2,1000,1.8950734509999165,validating_time
2,1000,0.00027604499973676866,metadata_time
2,1000,1.0840551920000507,requests_time
2,1000,0.1310768260000259,creating_time
2,1000,0.08227327200074797,inserting_time
2,6000,14.318886799999746,total_time
2,6000,8.944964856999832,validating_time
2,6000,0.00033791300029406557,metadata_time
2,6000,5.022158349000165,requests_time
2,6000,0.13251783499981684,creating_time
2,6000,0.21833277299992915,inserting_time
2,5000,13.100746135000009,total_time
2,5000,7.80333618900022,validating_time
2,5000,0.0003190569996149861,metadata_time
2,5000,4.900261230000069,requests_time
2,5000,0.12603228300031333,creating_time
2,5000,0.2702055109994035,inserting_time
2,7000,17.229855465000583,total_time
2,7000,10.32264821300032,validating_time
2,7000,0.0004617180002242094,metadata_time
2,7000,6.526004519999333,requests_time
2,7000,0.13549447300010797,creating_time
2,7000,0.24466618600035872,inserting_time
2,8000,18.564198929000668,total_time
2,8000,11.187476425000568,validating_time
2,8000,0.0003527910002958379,metadata_time
2,8000,6.923573923999356,requests_time
2,8000,0.1198834690003423,creating_time
2,8000,0.3323449800000162,inserting_time
2,2000,5.843410882000171,total_time
2,2000,3.354701023000416,validating_time
2,2000,0.00028001200007565785,metadata_time
2,2000,2.1991497680000975,requests_time
2,2000,0.17174328400051309,creating_time
2,2000,0.1170243999995364,inserting_time
2,10000,21.84135105400037,total_time
2,10000,13.15653080500033,validating_time
2,10000,0.0002423109999654116,metadata_time
2,10000,8.075199757000519,requests_time
2,10000,0.11204839000038191,creating_time
2,10000,0.4968758169998182,inserting_time
2,9000,22.47610989199984,total_time
2,9000,13.609872279999763,validating_time
2,9000,0.00029356899995036656,metadata_time
2,9000,8.094545248999566,requests_time
2,9000,0.2121654970005693,creating_time
2,9000,0.5587179069998456,inserting_time
3,4000,10.66871558100047,total_time
3,4000,6.146493814000678,validating_time
3,4000,0.0002666770005816943,metadata_time
3,4000,4.1107898290001685,requests_time
3,4000,0.20409969800039107,creating_time
3,4000,0.2065469649996885,inserting_time
3,3000,7.781229864999659,total_time
3,3000,4.536772036999537,validating_time
3,3000,0.0002981979996548034,metadata_time
3,3000,2.8816623719994823,requests_time
3,3000,0.20461442600026203,creating_time
3,3000,0.1574146719995042,inserting_time
3,1000,3.191801832999772,total_time
3,1000,1.806600003999847,validating_time
3,1000,0.00031307599965657573,metadata_time
3,1000,1.1107779439998922,requests_time
3,1000,0.20272607399965636,creating_time
3,1000,0.0709250099998826,inserting_time
3,6000,14.504081130000486,total_time
3,6000,9.045774234999953,validating_time
3,6000,0.0003191679998053587,metadata_time
3,6000,5.056783509000525,requests_time
3,6000,0.17191019599977153,creating_time
3,6000,0.22876092000024073,inserting_time
3,5000,13.004443023000022,total_time
3,5000,7.743188090000331,validating_time
3,5000,0.0003314709992991993,metadata_time
3,5000,4.879427551000845,requests_time
3,5000,0.10919912200006365,creating_time
3,5000,0.2717330170007699,inserting_time
3,7000,17.682650814000226,total_time
3,7000,10.505854764000105,validating_time
3,7000,0.00039668499994149897,metadata_time
3,7000,6.451706654999725,requests_time
3,7000,0.40184518699970795,creating_time
3,7000,0.32221339600073406,inserting_time
3,8000,18.330769627000336,total_time
3,8000,10.789926878000188,validating_time
3,8000,0.00036052599989488954,metadata_time
3,8000,7.003610851000303,requests_time
3,8000,0.1171060499991654,creating_time
3,8000,0.4192215869998108,inserting_time
3,2000,5.887226306999764,total_time
3,2000,3.5761475039998913,validating_time
3,2000,0.00029155499942135066,metadata_time
3,2000,2.077208284000335,requests_time
3,2000,0.12651833499967324,creating_time
3,2000,0.10654160099966248,inserting_time
3,10000,21.767477799000517,total_time
3,10000,13.218490075000773,validating_time
3,10000,0.00031515899991063634,metadata_time
3,10000,7.868801309000446,requests_time
3,10000,0.1069858139999269,creating_time
3,10000,0.572349060000306,inserting_time
3,9000,20.928135866999583,total_time
3,9000,12.389361798999744,validating_time
3,9000,0.00029937999988760566,metadata_time
3,9000,7.911393319000126,requests_time
3,9000,0.12319445699995413,creating_time
3,9000,0.5034173989997726,inserting_time
4,4000,10.721997848999308,total_time
4,4000,6.309925062999355,validating_time
4,4000,0.00034100899938493967,metadata_time
4,4000,4.088654859000599,requests_time
4,4000,0.12715769500027818,creating_time
4,4000,0.1954068980003285,inserting_time
4,3000,7.583986294999704,total_time
4,3000,4.6356007939994015,validating_time
4,3000,0.0003485529996396508,metadata_time
4,3000,2.685031797999727,requests_time
4,3000,0.11586744700070994,creating_time
4,3000,0.14661623100073484,inserting_time
4,1000,3.3074422960007723,total_time
4,1000,2.0052278980001574,validating_time
4,1000,0.0003090879999945173,metadata_time
4,1000,1.0915493960001186,requests_time
4,1000,0.12577058599981683,creating_time
4,1000,0.0841130399994654,inserting_time
4,6000,14.362179915000524,total_time
4,6000,8.748672731000624,validating_time
4,6000,0.0004499260003285599,metadata_time
4,6000,5.236876437000319,requests_time
4,6000,0.09145528599947284,creating_time
4,6000,0.28407607000008284,inserting_time
4,5000,13.278725207999742,total_time
4,5000,8.19709288500053,validating_time
4,5000,0.0006188170009409077,metadata_time
4,5000,4.68365204499969,requests_time
4,5000,0.12690201600162254,creating_time
4,5000,0.26972120000027644,inserting_time
4,7000,16.922563902000547,total_time
4,7000,10.366077970000333,validating_time
4,7000,0.00041577100091672037,metadata_time
4,7000,6.125419350000811,requests_time
4,7000,0.11649781199957943,creating_time
4,7000,0.3135640689997672,inserting_time
4,8000,18.102264228000422,total_time
4,8000,10.907085134000226,validating_time
4,8000,0.0003387849992577685,metadata_time
4,8000,6.603216818999499,requests_time
4,8000,0.12445976799972414,creating_time
4,8000,0.4665864660000807,inserting_time
4,2000,6.2040855800005374,total_time
4,2000,3.7696748610014765,validating_time
4,2000,0.0003012929992110003,metadata_time
4,2000,2.203868255000998,requests_time
4,2000,0.12253129800046736,creating_time
4,2000,0.10717167899929336,inserting_time
4,10000,22.052898741001627,total_time
4,10000,13.510474076001628,validating_time
4,10000,0.00031422800020664,metadata_time
4,10000,7.8435123519993795,requests_time
4,10000,0.12408088100164605,creating_time
4,10000,0.5739949510007136,inserting_time
4,9000,20.57645457900071,total_time
4,9000,12.02627206500074,validating_time
4,9000,0.0003354279997438425,metadata_time
4,9000,8.008597707999797,requests_time
4,9000,0.12176514299972041,creating_time
4,9000,0.41894589200092014,inserting_time
5,4000,10.593027156000971,total_time
5,4000,6.519688549000421,validating_time
5,4000,0.00030811600117885973,metadata_time
5,4000,3.8310496949998196,requests_time
5,4000,0.06928439500006789,creating_time
5,4000,0.17222050400050648,inserting_time
5,3000,7.493106844000067,total_time
5,3000,4.480799636001393,validating_time
5,3000,0.0003248880002502119,metadata_time
5,3000,2.732425655998668,requests_time
5,3000,0.13177850200008834,creating_time
5,3000,0.14725604799969005,inserting_time
5,1000,3.3478307489986037,total_time
5,1000,2.0302616769986344,validating_time
5,1000,0.0002953120001620846,metadata_time
5,1000,1.103830330001074,requests_time
5,1000,0.14149623900084407,creating_time
5,1000,0.0714435930003674,inserting_time
5,6000,14.095803657999568,total_time
5,6000,8.557660411999677,validating_time
5,6000,0.00030322699967655353,metadata_time
5,6000,5.145214936999764,requests_time
5,6000,0.1398679900012212,creating_time
5,6000,0.25224145100037276,inserting_time
5,5000,13.404929549000371,total_time
5,5000,8.27916920899952,validating_time
5,5000,0.0003628699996625073,metadata_time
5,5000,4.773948027999722,requests_time
5,5000,0.12618955499965523,creating_time
5,5000,0.2246839399995224,inserting_time
5,7000,17.352068038999278,total_time
5,7000,10.57726234599977,validating_time
5,7000,0.0002766460002021631,metadata_time
5,7000,6.341351945000497,requests_time
5,7000,0.12723576299868,creating_time
5,7000,0.30542194899862807,inserting_time
5,8000,18.34910382000089,total_time
5,8000,10.814928127001622,validating_time
5,8000,0.0002640019993123133,metadata_time
5,8000,6.945396561999587,requests_time
5,8000,0.11254689599991252,creating_time
5,8000,0.47546327100099006,inserting_time
5,2000,5.9955441839993,total_time
5,2000,3.7403140520000306,validating_time
5,2000,0.0002932370007329155,metadata_time
5,2000,2.0138388949999353,requests_time
5,2000,0.13444218099903082,creating_time
5,2000,0.10621046000051138,inserting_time
5,10000,22.138998406999235,total_time
5,10000,13.460909816998537,validating_time
5,10000,0.0003907230002369033,metadata_time
5,10000,7.987746364000486,requests_time
5,10000,0.14704414300103963,creating_time
5,10000,0.5423174070001551,inserting_time
5,9000,20.75847011500082,total_time
5,9000,12.268540277000284,validating_time
5,9000,0.00039769599970895797,metadata_time
5,9000,7.902769289999924,requests_time
5,9000,0.12151074499888637,creating_time
5,9000,0.4646766210007627,inserting_time
6,4000,10.803002189000836,total_time
6,4000,6.361163741001292,validating_time
6,4000,0.0003114320006716298,metadata_time
6,4000,4.136689568000293,requests_time
6,4000,0.12153761500121618,creating_time
6,4000,0.18278779899992514,inserting_time
6,3000,7.715069051999308,total_time
6,3000,4.694098836000194,validating_time
6,3000,0.00033539800097059924,metadata_time
6,3000,2.737254411998947,requests_time
6,3000,0.12615175200153317,creating_time
6,3000,0.1566966919999686,inserting_time
6,1000,3.2535747269994317,total_time
6,1000,2.0093367190002027,validating_time
6,1000,0.00031931699959386606,metadata_time
6,1000,1.0251790180009266,requests_time
6,1000,0.1367816940000921,creating_time
6,1000,0.08144203500160074,inserting_time
6,6000,14.319841381000515,total_time
6,6000,8.73864189500091,validating_time
6,6000,0.00033955599974433426,metadata_time
6,6000,5.073182535999877,requests_time
6,6000,0.23599172000103863,creating_time
6,6000,0.2711135860008653,inserting_time
6,5000,13.455689802998677,total_time
6,5000,8.184204768998825,validating_time
6,5000,0.0003005319995281752,metadata_time
6,5000,4.865329198999461,requests_time
6,5000,0.11337511300007463,creating_time
6,5000,0.2919314459995803,inserting_time
6,7000,17.48420276499928,total_time
6,7000,10.523915792999105,validating_time
6,7000,0.00034116899951186497,metadata_time
6,7000,6.509425043999727,requests_time
6,7000,0.1371916299995064,creating_time
6,7000,0.3128117050000583,inserting_time
6,8000,18.321459066000898,total_time
6,8000,10.909963643000083,validating_time
6,8000,0.0005621789987344528,metadata_time
6,8000,6.8970674029988,requests_time
6,8000,0.1163942639996094,creating_time
6,8000,0.39678473999993,inserting_time
6,2000,5.9355292500004,total_time
6,2000,3.5422716020002554,validating_time
6,2000,0.00027845000113302376,metadata_time
6,2000,2.140615622000041,requests_time
6,2000,0.14391947600051935,creating_time
6,2000,0.10792640500039852,inserting_time
6,10000,21.925353795000774,total_time
6,10000,13.276919051999357,validating_time
6,10000,0.0002805139993142802,metadata_time
6,10000,8.016067332000603,requests_time
6,10000,0.1244415109995316,creating_time
6,10000,0.5070415479985968,inserting_time
6,9000,20.778257291000045,total_time
6,9000,12.338859194998804,validating_time
6,9000,0.00030505099857691675,metadata_time
6,9000,7.8944171799994365,requests_time
6,9000,0.11275353500059282,creating_time
6,9000,0.4313675539997348,inserting_time
7,4000,10.72203644900037,total_time
7,4000,6.316720503000397,validating_time
7,4000,0.0002861539996956708,metadata_time
7,4000,4.154077948998747,requests_time
7,4000,0.06462211300095078,creating_time
7,4000,0.18583469800068997,inserting_time
7,3000,8.15931683600138,total_time
7,3000,4.948772294001174,validating_time
7,3000,0.0002785099986795103,metadata_time
7,3000,2.885574374000498,requests_time
7,3000,0.17739443100072094,creating_time
7,3000,0.1467733400004363,inserting_time
7,1000,3.1712647340009426,total_time
7,1000,1.842940536000242,validating_time
7,1000,0.0003310390002297936,metadata_time
7,1000,1.093403844999557,requests_time
7,1000,0.16371702300057223,creating_time
7,1000,0.07037570699867501,inserting_time
7,6000,14.352501225001106,total_time
7,6000,8.895927170000505,validating_time
7,6000,0.00036091699985263404,metadata_time
7,6000,5.009355775999211,requests_time
7,6000,0.14020179799990728,creating_time
7,6000,0.3060848490003991,inserting_time
7,5000,13.277669233000779,total_time
7,5000,7.990381622001223,validating_time
7,5000,0.0002626799996505724,metadata_time
7,5000,4.889633811999374,requests_time
7,5000,0.12699357100063935,creating_time
7,5000,0.2698733519991947,inserting_time
7,7000,17.196706339998855,total_time
7,7000,10.347572650000075,validating_time
7,7000,0.00028833900069002993,metadata_time
7,7000,6.410593005999544,requests_time
7,7000,0.11616138399949705,creating_time
7,7000,0.321544612001162,inserting_time
7,8000,18.706513451999854,total_time
7,8000,11.027943900999162,validating_time
7,8000,0.00045107799996912945,metadata_time
7,8000,6.974587677001182,requests_time
7,8000,0.12784516700048698,creating_time
7,8000,0.575010304000898,inserting_time
7,2000,5.969913245999123,total_time
7,2000,3.6457727509987308,validating_time
7,2000,0.00027750800109060947,metadata_time
7,2000,2.1056906919984613,requests_time
7,2000,0.11059553399900324,creating_time
7,2000,0.10705237399997714,inserting_time
7,10000,21.936194100999273,total_time
7,10000,13.401207660999717,validating_time
7,10000,0.00025664900022093207,metadata_time
7,10000,7.865249868000319,requests_time
7,10000,0.14172092199987674,creating_time
7,10000,0.5272125720002805,inserting_time
7,9000,20.71037702600006,total_time
7,9000,12.074063316998945,validating_time
7,9000,0.0002832289992511505,metadata_time
7,9000,7.954081222998866,requests_time
7,9000,0.18907591099923593,creating_time
7,9000,0.49233287700008077,inserting_time
8,4000,11.232698392001112,total_time
8,4000,6.267838812000264,validating_time
8,4000,0.0003778390000661602,metadata_time
8,4000,4.097227029000351,requests_time
8,4000,0.12743915200007905,creating_time
8,4000,0.7392723670000123,inserting_time
8,3000,7.4462096900006145,total_time
8,3000,4.413860508000653,validating_time
8,3000,0.0003434129994275281,metadata_time
8,3000,2.728336352000042,requests_time
8,3000,0.1559218719994533,creating_time
8,3000,0.14719587400031742,inserting_time
8,1000,3.435460497999884,total_time
8,1000,2.137897394999527,validating_time
8,1000,0.00022345500110532157,metadata_time
8,1000,1.0698608969996712,requests_time
8,1000,0.1454602720004914,creating_time
8,1000,0.08151194600031886,inserting_time
8,6000,14.442490650999389,total_time
8,6000,8.801130793999619,validating_time
8,6000,0.0003361990002304083,metadata_time
8,6000,5.216897906000668,requests_time
8,6000,0.10750563199871976,creating_time
8,6000,0.31607802899998205,inserting_time
8,5000,12.941789557000448,total_time
8,5000,7.958572768999147,validating_time
8,5000,0.0002717869992920896,metadata_time
8,5000,4.6561691840015555,requests_time
8,5000,0.10130424500130175,creating_time
8,5000,0.2249814589995367,inserting_time
8,7000,16.8147736660012,total_time
8,7000,10.261413918000471,validating_time
8,7000,0.0004875569993600948,metadata_time
8,7000,6.113081495999722,requests_time
8,7000,0.1395814360002987,creating_time
8,7000,0.2995905120005773,inserting_time
8,8000,18.33311832599975,total_time
8,8000,11.184518632000618,validating_time
8,8000,0.0002737600007094443,metadata_time
8,8000,6.642207041000802,requests_time
8,8000,0.11892703600096866,creating_time
8,8000,0.3866763260011794,inserting_time
8,2000,6.282539022999117,total_time
8,2000,3.7960644260001573,validating_time
8,2000,0.0003161209988320479,metadata_time
8,2000,2.172527798000374,requests_time
8,2000,0.1954877519983711,creating_time
8,2000,0.11761189400021976,inserting_time
8,10000,22.06532243500078,total_time
8,10000,13.546407846000875,validating_time
8,10000,0.0002565280010458082,metadata_time
8,10000,7.826462634999189,requests_time
8,10000,0.11763944599988463,creating_time
8,10000,0.5740314129998296,inserting_time
8,9000,20.686391811999783,total_time
8,9000,12.063672308000605,validating_time
8,9000,0.00040291699951922055,metadata_time
8,9000,7.97180058000049,requests_time
8,9000,0.12399862100028258,creating_time
8,9000,0.5259198900002957,inserting_time
9,4000,10.677774718000364,total_time
9,4000,6.4836979570009134,validating_time
9,4000,0.0003101399997831322,metadata_time
9,4000,3.8671264849999716,requests_time
9,4000,0.11800145300003351,creating_time
9,4000,0.20809450799970364,inserting_time
9,3000,7.749985820999427,total_time
9,3000,4.76120343599905,validating_time
9,3000,0.0003260100002080435,metadata_time
9,3000,2.7279340770001,requests_time
9,3000,0.11155180400055542,creating_time
9,3000,0.14838291500018386,inserting_time
9,1000,3.208903875998658,total_time
9,1000,1.8669467409999925,validating_time
9,1000,0.00030220400003599934,metadata_time
9,1000,1.1538032379994547,requests_time
9,1000,0.11717390900048485,creating_time
9,1000,0.07018086800053425,inserting_time
9,6000,14.444430104000276,total_time
9,6000,8.957955661000597,validating_time
9,6000,0.00029743500090262387,metadata_time
9,6000,5.077885365999464,requests_time
9,6000,0.11179218100005528,creating_time
9,6000,0.2959493649996148,inserting_time
9,5000,12.530748825000046,total_time
9,5000,7.4433889069987345,validating_time
9,5000,0.00032362599995394703,metadata_time
9,5000,4.76694314300039,requests_time
9,5000,0.11618444499981706,creating_time
9,5000,0.20331638699826726,inserting_time
9,7000,17.063217668001016,total_time
9,7000,10.289063434000127,validating_time
9,7000,0.0003187359998264583,metadata_time
9,7000,6.367081855001743,requests_time
9,7000,0.1279641429991898,creating_time
9,7000,0.2781503440000961,inserting_time
9,8000,18.687314296001205,total_time
9,8000,11.256484724000984,validating_time
9,8000,0.00030206399969756603,metadata_time
9,8000,6.93340045199875,requests_time
9,8000,0.12320161200113944,creating_time
9,8000,0.3733405920011137,inserting_time
9,2000,5.991202917000919,total_time
9,2000,3.745840010000393,validating_time
9,2000,0.00026407199948152993,metadata_time
9,2000,2.030008824000106,requests_time
9,2000,0.11634245499953977,creating_time
9,2000,0.09824374700110639,inserting_time
9,10000,21.712641963998976,total_time
9,10000,13.155923651000194,validating_time
9,10000,0.0003508079989842372,metadata_time
9,10000,7.9576312549997965,requests_time
9,10000,0.14668623299985484,creating_time
9,10000,0.451483560998895,inserting_time
9,9000,21.693490522000502,total_time
9,9000,13.184605927999655,validating_time
9,9000,0.00036267999894334935,metadata_time
9,9000,7.867031048999706,requests_time
9,9000,0.13799836599901028,creating_time
9,9000,0.5028325519997452,inserting_time
10,4000,10.42981190699902,total_time
10,4000,6.026550499998848,validating_time
10,4000,0.00034156999936385546,metadata_time
10,4000,4.10161513499952,requests_time
10,4000,0.10146637599973474,creating_time
10,4000,0.19924565899964364,inserting_time
10,3000,7.732329286000095,total_time
10,3000,4.537187249999988,validating_time
10,3000,0.0002709559994400479,metadata_time
10,3000,2.738214703998892,requests_time
10,3000,0.26726120600142167,creating_time
10,3000,0.18886078400100814,inserting_time
10,1000,3.1909506489992054,total_time
10,1000,1.7998659789991507,validating_time
10,1000,0.00031024999952933285,metadata_time
10,1000,1.0685175449998496,requests_time
10,1000,0.2497090670003672,creating_time
10,1000,0.07202685700030997,inserting_time
10,6000,14.554148186998646,total_time
10,6000,9.11513619499965,validating_time
10,6000,0.0002936990003945539,metadata_time
10,6000,5.033033796999007,requests_time
10,6000,0.10950896399845078,creating_time
10,6000,0.2956026930005464,inserting_time
10,5000,12.994147407000128,total_time
10,5000,7.75862989199959,validating_time
10,5000,0.00031920699984766543,metadata_time
10,5000,4.880840763999004,requests_time
10,5000,0.11784330699993006,creating_time
10,5000,0.23591012799988675,inserting_time
10,7000,17.38513750799939,total_time
10,7000,10.368762170000991,validating_time
10,7000,0.00038526299977093004,metadata_time
10,7000,6.546092147000309,requests_time
10,7000,0.12375304699889966,creating_time
10,7000,0.3454134690000501,inserting_time
10,8000,18.646168093999222,total_time
10,8000,11.210824957999648,validating_time
10,8000,0.0002539629986131331,metadata_time
10,8000,6.882336475999182,requests_time
10,8000,0.1218474809993495,creating_time
10,8000,0.4303283179997379,inserting_time
10,2000,5.807820317000733,total_time
10,2000,3.3346628889994463,validating_time
10,2000,0.00036499400084721856,metadata_time
10,2000,2.157654915999956,requests_time
10,2000,0.20779427500019665,creating_time
10,2000,0.10681099000066752,inserting_time
10,10000,22.01263391700013,total_time
10,10000,13.16133431399976,validating_time
10,10000,0.00033399600033590104,metadata_time
10,10000,8.074025395999342,requests_time
10,10000,0.1176628620014526,creating_time
10,10000,0.6586649040000339,inserting_time
10,9000,21.617795623000347,total_time
10,9000,13.16235855800005,validating_time
10,9000,0.00026551500013738405,metadata_time
10,9000,7.899272184000438,requests_time
10,9000,0.11914438799976779,creating_time
10,9000,0.43619552299969655,inserting_time
11,4000,10.481212439999581,total_time
11,4000,6.0757663949989364,validating_time
11,4000,0.0003147190000163391,metadata_time
11,4000,4.120192233000125,requests_time
11,4000,0.1214308489998075,creating_time
11,4000,0.1628867529998388,inserting_time
11,3000,7.834294656999191,total_time
11,3000,4.639512023999487,validating_time
11,3000,0.0003569390009943163,metadata_time
11,3000,2.9141445410004962,requests_time
11,3000,0.06576741800017771,creating_time
11,3000,0.21395392900012666,inserting_time
11,1000,3.1127397439995548,total_time
11,1000,1.866798798999298,validating_time
11,1000,0.00031169299836619757,metadata_time
11,1000,1.0710120069998084,requests_time
11,1000,0.09984922600051505,creating_time
11,1000,0.07434319099957065,inserting_time
11,6000,14.541685511998367,total_time
11,6000,9.100897774998884,validating_time
11,6000,0.0003438040002947673,metadata_time
11,6000,5.030408030999752,requests_time
11,6000,0.14519971899972006,creating_time
11,6000,0.26424342499922204,inserting_time
11,5000,13.050514986000053,total_time
11,5000,7.837361922998753,validating_time
11,5000,0.0002917950005212333,metadata_time
11,5000,4.80966719099888,requests_time
11,5000,0.12039563799953612,creating_time
11,5000,0.2821930070003873,inserting_time
11,7000,17.14678201300012,total_time
11,7000,10.24138610999944,validating_time
11,7000,0.00041197399878001306,metadata_time
11,7000,6.406239817000824,requests_time
11,7000,0.13061023600130284,creating_time
11,7000,0.3674637010008155,inserting_time
11,8000,18.68311003100098,total_time
11,8000,11.111443683001198,validating_time
11,8000,0.00046581599963246845,metadata_time
11,8000,6.994896362000873,requests_time
11,8000,0.12107453800126677,creating_time
11,8000,0.45449917199948686,inserting_time
11,2000,6.1288870710013725,total_time
11,2000,3.7942634250011906,validating_time
11,2000,0.0003254889998061117,metadata_time
11,2000,2.1094491860003473,requests_time
11,2000,0.11661113899936026,creating_time
11,2000,0.10768981900037033,inserting_time
11,10000,21.861613201999717,total_time
11,10000,13.316566386998602,validating_time
11,10000,0.000269922998995753,metadata_time
11,10000,7.852911464000499,requests_time
11,10000,0.13005275599971355,creating_time
11,10000,0.5612686370004667,inserting_time
11,9000,21.814030083000034,total_time
11,9000,13.191575811999428,validating_time
11,9000,0.000307325000903802,metadata_time
11,9000,7.904521042000852,requests_time
11,9000,0.22433183399880363,creating_time
11,9000,0.49259322699981567,inserting_time
12,4000,10.612401962000149,total_time
12,4000,6.234845785000289,validating_time
12,4000,0.00029955999889352825,metadata_time
12,4000,4.070950890998574,requests_time
12,4000,0.12192870199942263,creating_time
12,4000,0.1838297349986533,inserting_time
12,3000,7.814156045000345,total_time
12,3000,4.816192971000419,validating_time
12,3000,0.00029435899887175765,metadata_time
12,3000,2.733274297001117,requests_time
12,3000,0.11770485800116148,creating_time
12,3000,0.14608631200098898,inserting_time
12,1000,3.151323152000259,total_time
12,1000,1.801881436000258,validating_time
12,1000,0.0003154199985146988,metadata_time
12,1000,1.1440615499996056,requests_time
12,1000,0.13727774799917825,creating_time
12,1000,0.06730879799943068,inserting_time
12,6000,15.140322589000789,total_time
12,6000,8.94416583200109,validating_time
12,6000,0.00039977000051294453,metadata_time
12,6000,5.2694286099995225,requests_time
12,6000,0.26332535200162965,creating_time
12,6000,0.6622628360000817,inserting_time
12,5000,12.792307372001233,total_time
12,5000,7.76151659900097,validating_time
12,5000,0.00032812400058901403,metadata_time
12,5000,4.670854156000132,requests_time
12,5000,0.11128724999980477,creating_time
12,5000,0.24765314199976274,inserting_time
12,7000,17.033902687999216,total_time
12,7000,10.405290505999801,validating_time
12,7000,0.0002860240001609782,metadata_time
12,7000,6.191935848999492,requests_time
12,7000,0.12484366599892383,creating_time
12,7000,0.3109822599999461,inserting_time
12,8000,18.262740390000545,total_time
12,8000,11.066927641999428,validating_time
12,8000,0.0002403070011496311,metadata_time
12,8000,6.631126287998995,requests_time
12,8000,0.12406065600043803,creating_time
12,8000,0.4398410519988829,inserting_time
12,2000,6.14037836100033,total_time
12,2000,3.349571628999911,validating_time
12,2000,0.00029189499946369324,metadata_time
12,2000,2.274977963999845,requests_time
12,2000,0.20661154600020382,creating_time
12,2000,0.30835545400077535,inserting_time
12,10000,21.75065885799995,total_time
12,10000,13.182984232000308,validating_time
12,10000,0.00023311299992201384,metadata_time
12,10000,7.8012091950004105,requests_time
12,10000,0.21420416700129863,creating_time
12,10000,0.5514825329992163,inserting_time
12,9000,21.718883998999445,total_time
12,9000,13.037226649999866,validating_time
12,9000,0.0003787300011026673,metadata_time
12,9000,8.005947747000391,requests_time
12,9000,0.11626905500088469,creating_time
12,9000,0.5584815250003885,inserting_time
13,4000,10.381672644998616,total_time
13,4000,6.164281186998778,validating_time
13,4000,0.0003092480001214426,metadata_time
13,4000,3.8813029379998625,requests_time
13,4000,0.15150152900059766,creating_time
13,4000,0.18374803599908773,inserting_time
13,3000,7.819921498999975,total_time
13,3000,4.782873426000151,validating_time
13,3000,0.0003029260005860124,metadata_time
13,3000,2.7705556609998894,requests_time
13,3000,0.1074184899989632,creating_time
13,3000,0.15822080099860614,inserting_time
13,1000,3.1890284130004147,total_time
13,1000,1.81583830999989,validating_time
13,1000,0.00029239600007713307,metadata_time
13,1000,1.1234007099992596,requests_time
13,1000,0.18180390799898305,creating_time
13,1000,0.06713420499909262,inserting_time
13,6000,14.53484086699973,total_time
13,6000,8.997549884001273,validating_time
13,6000,0.0003161209988320479,metadata_time
13,6000,5.120625207999183,requests_time
13,6000,0.12188376300036907,creating_time
13,6000,0.2939104850011063,inserting_time
13,5000,12.685769716999857,total_time
13,5000,7.49142214099993,validating_time
13,5000,0.0002545849984016968,metadata_time
13,5000,4.765822294999452,requests_time
13,5000,0.10189360000003944,creating_time
13,5000,0.3258008820012037,inserting_time
13,7000,17.40982216500015,total_time
13,7000,10.595322568999109,validating_time
13,7000,0.0003758950006158557,metadata_time
13,7000,6.347212126000159,requests_time
13,7000,0.12081456899977638,creating_time
13,7000,0.3454683500003739,inserting_time
13,8000,18.929741737998484,total_time
13,8000,11.538693018999766,validating_time
13,8000,0.0003600349991756957,metadata_time
13,8000,6.889999761000581,requests_time
13,8000,0.11348525900029927,creating_time
13,8000,0.3866069490013615,inserting_time
13,2000,5.571419618001528,total_time
13,2000,3.3164300690004893,validating_time
13,2000,0.00034928500099340454,metadata_time
13,2000,2.019989848999103,requests_time
13,2000,0.11590590299965697,creating_time
13,2000,0.11818834400037304,inserting_time
13,10000,21.59928452799977,total_time
13,10000,13.055699311000353,validating_time
13,10000,0.00027217700153414626,metadata_time
13,10000,7.964296782998645,requests_time
13,10000,0.13965547600128048,creating_time
13,10000,0.43882092400053807,inserting_time
13,9000,21.661032473999512,total_time
13,9000,13.2157387319985,validating_time
13,9000,0.00025075699886656366,metadata_time
13,9000,7.8556321790001675,requests_time
13,9000,0.11839071800022793,creating_time
13,9000,0.4704786479996983,inserting_time
14,4000,10.403271953000512,total_time
14,4000,5.993864814001427,validating_time
14,4000,0.000300252000670298,metadata_time
14,4000,4.098728582999684,requests_time
14,4000,0.11424450300000899,creating_time
14,4000,0.19558527899971523,inserting_time
14,3000,7.602081070001077,total_time
14,3000,4.5612439020005695,validating_time
14,3000,0.0003560980003385339,metadata_time
14,3000,2.7528352059998724,requests_time
14,3000,0.11848385600023903,creating_time
14,3000,0.16853246099890384,inserting_time
14,1000,3.090124645999822,total_time
14,1000,1.8100921850000304,validating_time
14,1000,0.0002800330003083218,metadata_time
14,1000,1.0516623330004222,requests_time
14,1000,0.14319517799958703,creating_time
14,1000,0.08435827599896584,inserting_time
14,6000,14.614042261000577,total_time
14,6000,9.15635091600052,validating_time
14,6000,0.0004950610000378219,metadata_time
14,6000,5.077726212000925,requests_time
14,6000,0.12794274699990638,creating_time
14,6000,0.250787737999417,inserting_time
14,5000,12.960810159000175,total_time
14,5000,7.712119555000754,validating_time
14,5000,0.00038418100120907184,metadata_time
14,5000,4.881336418000501,requests_time
14,5000,0.11781664599948272,creating_time
14,5000,0.24851924200083886,inserting_time
14,7000,17.097986106000462,total_time
14,7000,10.18382399100119,validating_time
14,7000,0.00036429299871088006,metadata_time
14,7000,6.501605392999409,requests_time
14,7000,0.12270018399976834,creating_time
14,7000,0.2888980850002554,inserting_time
14,8000,18.72982418599895,total_time
14,8000,11.378411849000258,validating_time
14,8000,0.0004677500000980217,metadata_time
14,8000,6.878216794999389,requests_time
14,8000,0.12126059600086592,creating_time
14,8000,0.35079390600003535,inserting_time
14,2000,6.321424023000873,total_time
14,2000,3.7829009990000486,validating_time
14,2000,0.0003482920001260936,metadata_time
14,2000,2.2038765610013797,requests_time
14,2000,0.22703628099952766,creating_time
14,2000,0.10667121599908569,inserting_time
14,10000,21.914397720000125,total_time
14,10000,13.19872676399973,validating_time
14,10000,0.0003061130009882618,metadata_time
14,10000,8.05090329199993,requests_time
14,10000,0.14467267700092634,creating_time
14,10000,0.5192312939998374,inserting_time
14,9000,21.710802251000132,total_time
14,9000,13.084259946999737,validating_time
14,9000,0.0003174840003339341,metadata_time
14,9000,7.9587409199994,requests_time
14,9000,0.14275789500061364,creating_time
14,9000,0.5241347099999984,inserting_time
15,4000,10.626661569000134,total_time
15,4000,6.17930517700006,validating_time
15,4000,0.00046622700028819963,metadata_time
15,4000,4.118588153000019,requests_time
15,4000,0.15482527799940726,creating_time
15,4000,0.17283118599880254,inserting_time
15,3000,7.839600055000119,total_time
15,3000,4.641089263001049,validating_time
15,3000,0.0003889999989041826,metadata_time
15,3000,2.919512268001199,requests_time
15,3000,0.13235969800007297,creating_time
15,3000,0.14559573299993644,inserting_time
15,1000,3.410012802998608,total_time
15,1000,1.9959272269989015,validating_time
15,1000,0.0002977860003738897,metadata_time
15,1000,1.0898333559998719,requests_time
15,1000,0.2553226709987939,creating_time
15,1000,0.06803529699936917,inserting_time
15,6000,14.333339778999289,total_time
15,6000,8.767496749998827,validating_time
15,6000,0.0005379829999583308,metadata_time
15,6000,5.075381829999969,requests_time
15,6000,0.15840797199962253,creating_time
15,6000,0.3308124270006374,inserting_time
15,5000,13.498472835000939,total_time
15,5000,8.303056515000208,validating_time
15,5000,0.0002853229998436291,metadata_time
15,5000,4.832418894999137,requests_time
15,5000,0.13774403800016444,creating_time
15,5000,0.22441528200033645,inserting_time
15,7000,17.46668642699842,total_time
15,7000,10.405407202999413,validating_time
15,7000,0.0003489439986879006,metadata_time
15,7000,6.624582988999464,requests_time
15,7000,0.16884617600044294,creating_time
15,7000,0.2668462389992783,inserting_time
15,8000,19.12979007499962,total_time
15,8000,11.541933206000976,validating_time
15,8000,0.00030026099921087734,metadata_time
15,8000,7.142451660000006,requests_time
15,8000,0.09019329300099344,creating_time
15,8000,0.3543904529997235,inserting_time
15,2000,5.74408536699957,total_time
15,2000,3.3796238449995144,validating_time
15,2000,0.00028146500153525267,metadata_time
15,2000,2.1295530930001405,requests_time
15,2000,0.12736268099979497,creating_time
15,2000,0.10671544999968319,inserting_time
15,10000,22.243680675001087,total_time
15,10000,13.49855606500023,validating_time
15,10000,0.0002594439993117703,metadata_time
15,10000,8.015715249001005,requests_time
15,10000,0.18996229999902425,creating_time
15,10000,0.5386721979994036,inserting_time
15,9000,20.972105635000844,total_time
15,9000,12.294759915001123,validating_time
15,9000,0.00038888999915798195,metadata_time
15,9000,7.972351528998843,requests_time
15,9000,0.15467044199976954,creating_time
15,9000,0.5492573699993955,inserting_time
16,4000,11.620720156999596,total_time
16,4000,7.108854411999346,validating_time
16,4000,0.0002911629999289289,metadata_time
16,4000,4.229825557998993,requests_time
16,4000,0.11948260400095023,creating_time
16,4000,0.1616329560001759,inserting_time
16,3000,7.780032778999157,total_time
16,3000,4.797782704999918,validating_time
16,3000,0.0002570390006439993,metadata_time
16,3000,2.7463726109999698,requests_time
16,3000,0.09928075799871294,creating_time
16,3000,0.13578268600031151,inserting_time
16,1000,3.4481332409995957,total_time
16,1000,2.1284804639999493,validating_time
16,1000,0.0003842410005745478,metadata_time
16,1000,1.111501761000909,requests_time
16,1000,0.13476613300008466,creating_time
16,1000,0.07240294500115851,inserting_time
16,6000,14.425525483999081,total_time
16,6000,8.827113491999626,validating_time
16,6000,0.00043376500070735347,metadata_time
16,6000,5.196373662000042,requests_time
16,6000,0.11480909400052042,creating_time
16,6000,0.28605362999951467,inserting_time
16,5000,13.248523479998767,total_time
16,5000,8.2240669469993,validating_time
16,5000,0.00029041199923085514,metadata_time
16,5000,4.670867666000049,requests_time
16,5000,0.11642272300014156,creating_time
16,5000,0.23626957799933734,inserting_time
16,7000,17.195771386999695,total_time
16,7000,10.56925414000034,validating_time
16,7000,0.0002536430001782719,metadata_time
16,7000,6.12507805200039,requests_time
16,7000,0.11172013800023706,creating_time
16,7000,0.38890508900112764,inserting_time
16,8000,18.843573735000973,total_time
16,8000,11.632774957000947,validating_time
16,8000,0.0002589619998616399,metadata_time
16,8000,6.6238726419996965,requests_time
16,8000,0.11914930800048751,creating_time
16,8000,0.46702302399899054,inserting_time
16,2000,5.597309028999007,total_time
16,2000,3.128547520000211,validating_time
16,2000,0.00026416199943923857,metadata_time
16,2000,2.246495737001169,requests_time
16,2000,0.1164451349995943,creating_time
16,2000,0.10497912599930714,inserting_time
16,10000,22.15481560199987,total_time
16,10000,13.703921244999947,validating_time
16,10000,0.0002210909988207277,metadata_time
16,10000,7.842037549000452,requests_time
16,10000,0.1119279929989716,creating_time
16,10000,0.4961671170003683,inserting_time
16,9000,20.741172918000302,total_time
16,9000,12.08344331599983,validating_time
16,9000,0.00024562699945818167,metadata_time
16,9000,8.036573960000169,requests_time
16,9000,0.1045773130008456,creating_time
16,9000,0.5157418680009869,inserting_time
17,4000,10.696223449998797,total_time
17,4000,6.504731652999908,validating_time
17,4000,0.00032036999982665293,metadata_time
17,4000,3.8942177669996454,requests_time
17,4000,0.12268386100004136,creating_time
17,4000,0.17365871800029709,inserting_time
17,3000,7.743428826999661,total_time
17,3000,4.536441980000745,validating_time
17,3000,0.00034198100001958665,metadata_time
17,3000,2.7639260510004533,requests_time
17,3000,0.19488073299908137,creating_time
17,3000,0.2472087450005347,inserting_time
17,1000,3.601505309999993,total_time
17,1000,2.1218668920009804,validating_time
17,1000,0.0002817960012180265,metadata_time
17,1000,1.1196222489998036,requests_time
17,1000,0.15415156400013075,creating_time
17,1000,0.20505753999896115,inserting_time
17,6000,14.6001228490004,total_time
17,6000,9.057319501000165,validating_time
17,6000,0.0003474409986665705,metadata_time
17,6000,5.154099122000844,requests_time
17,6000,0.12561434499912139,creating_time
17,6000,0.2620878440011438,inserting_time
17,5000,12.76859060300012,total_time
17,5000,7.605189802001405,validating_time
17,5000,0.0002042679989244789,metadata_time
17,5000,4.775861422000162,requests_time
17,5000,0.12638421900010144,creating_time
17,5000,0.26039163899986306,inserting_time
17,7000,17.229133504000856,total_time
17,7000,10.415937832000054,validating_time
17,7000,0.00040661300045030657,metadata_time
17,7000,6.368559540998831,requests_time
17,7000,0.12069144199995208,creating_time
17,7000,0.322903699001472,inserting_time
17,8000,18.498903269000948,total_time
17,8000,10.953011847001108,validating_time
17,8000,0.0002696030005608918,metadata_time
17,8000,6.967051519999586,requests_time
17,8000,0.11259986100048991,creating_time
17,8000,0.4653679530001682,inserting_time
17,2000,6.061077690001184,total_time
17,2000,3.8262815970010706,validating_time
17,2000,0.0003095089996349998,metadata_time
17,2000,2.0211493560000235,requests_time
17,2000,0.10770909799975925,creating_time
17,2000,0.1051301429997693,inserting_time
17,10000,22.192722665000474,total_time
17,10000,13.470736392000617,validating_time
17,10000,0.0002986780000355793,metadata_time
17,10000,8.031930854000166,requests_time
17,10000,0.1274240370003099,creating_time
17,10000,0.5617496150007355,inserting_time
17,9000,20.833721363998848,total_time
17,9000,12.29567788499844,validating_time
17,9000,0.00047307000022556167,metadata_time
17,9000,7.893484587000785,requests_time
17,9000,0.12752764300057606,creating_time
17,9000,0.5158343319999403,inserting_time
18,4000,10.918841217999216,total_time
18,4000,6.545667753000089,validating_time
18,4000,0.0002848820004146546,metadata_time
18,4000,4.110887253998953,requests_time
18,4000,0.08622805000049993,creating_time
18,4000,0.17523496499961766,inserting_time
18,3000,7.773042204999001,total_time
18,3000,4.73380478099898,validating_time
18,3000,0.0002750530002231244,metadata_time
18,3000,2.7542619970008673,requests_time
18,3000,0.10306696899897361,creating_time
18,3000,0.18109755600016797,inserting_time
18,1000,3.218619977000344,total_time
18,1000,1.9008927069990023,validating_time
18,1000,0.00031364599999506027,metadata_time
18,1000,1.0290275489987835,requests_time
18,1000,0.11189856600140047,creating_time
18,1000,0.17592828400120197,inserting_time
18,6000,14.287515616000746,total_time
18,6000,8.759202544999425,validating_time
18,6000,0.00039285700040636584,metadata_time
18,6000,5.089546795999922,requests_time
18,6000,0.0974686509998719,creating_time
18,6000,0.3402535490004084,inserting_time
18,5000,13.750598968999839,total_time
18,5000,8.416974657999162,validating_time
18,5000,0.00029006200020376127,metadata_time
18,5000,4.993574340000123,requests_time
18,5000,0.11009122900031798,creating_time
18,5000,0.2290625169989653,inserting_time
18,7000,17.703475737998815,total_time
18,7000,10.606034758999158,validating_time
18,7000,0.0003000209999299841,metadata_time
18,7000,6.633496385000399,requests_time
18,7000,0.12881185700098285,creating_time
18,7000,0.3341967879987351,inserting_time
18,8000,18.72931663399868,total_time
18,8000,11.186243234998983,validating_time
18,8000,0.0004081860006408533,metadata_time
18,8000,7.029093125000145,requests_time
18,8000,0.1270083750005142,creating_time
18,8000,0.38588494100076787,inserting_time
18,2000,6.368229130001055,total_time
18,2000,3.905653400001029,validating_time
18,2000,0.0002672889986570226,metadata_time
18,2000,2.2339056900000287,requests_time
18,2000,0.12281440799961274,creating_time
18,2000,0.10505144300077518,inserting_time
18,10000,22.37769925199973,total_time
18,10000,13.440573449999647,validating_time
18,10000,0.00027061500077252276,metadata_time
18,10000,8.226835397999821,requests_time
18,10000,0.12592540600053326,creating_time
18,10000,0.5834888219997083,inserting_time
18,9000,22.227601952999976,total_time
18,9000,13.49322998199932,validating_time
18,9000,0.0003016539994860068,metadata_time
18,9000,8.155822333999822,requests_time
18,9000,0.11766577599883021,creating_time
18,9000,0.45994255100049486,inserting_time
19,4000,11.000651951999316,total_time
19,4000,6.460389954998391,validating_time
19,4000,0.00025615800041123293,metadata_time
19,4000,4.249717519000114,requests_time
19,4000,0.12722954699893307,creating_time
19,4000,0.16246129899991502,inserting_time
19,3000,7.903423175999706,total_time
19,3000,4.6159753869997076,validating_time
19,3000,0.00028954099980182946,metadata_time
19,3000,3.036207679000654,requests_time
19,3000,0.10394408600041061,creating_time
19,3000,0.14641192099952605,inserting_time
19,1000,3.144645321999633,total_time
19,1000,1.8518599979997816,validating_time
19,1000,0.0002815849984472152,metadata_time
19,1000,1.0935177480005223,requests_time
19,1000,0.11455564899915771,creating_time
19,1000,0.08389263800017943,inserting_time
19,6000,14.424425171999246,total_time
19,6000,8.994899588999033,validating_time
19,6000,0.0002738010007306002,metadata_time
19,6000,5.03436474999944,requests_time
19,6000,0.13433794600132387,creating_time
19,6000,0.2599408400001266,inserting_time
19,5000,13.054655886000546,total_time
19,5000,7.745665178001218,validating_time
19,5000,0.000311693000185187,metadata_time
19,5000,4.894022931001018,requests_time
19,5000,0.13193477599998005,creating_time
19,5000,0.28209841399984725,inserting_time
19,7000,17.395102635999137,total_time
19,7000,10.420345922999331,validating_time
19,7000,0.0004114319999644067,metadata_time
19,7000,6.507641079999303,requests_time
19,7000,0.12111895300040487,creating_time
19,7000,0.34488182899985986,inserting_time
19,8000,18.90457730399976,total_time
19,8000,11.236809387000903,validating_time
19,8000,0.00028261799889151007,metadata_time
19,8000,7.073582271001214,requests_time
19,8000,0.1967665690008289,creating_time
19,8000,0.3965422800010856,inserting_time
19,2000,6.03328831699946,total_time
19,2000,3.7584469629982777,validating_time
19,2000,0.0003243669998482801,metadata_time
19,2000,2.0924326439999277,requests_time
19,2000,0.07326521499999217,creating_time
19,2000,0.10832363500048814,inserting_time
19,10000,22.15329934699912,total_time
19,10000,13.631998159000432,validating_time
19,10000,0.00029932899997220375,metadata_time
19,10000,7.878990135999629,requests_time
19,10000,0.12298953200115648,creating_time
19,10000,0.5184272189999319,inserting_time
19,9000,20.752325681000002,total_time
19,9000,12.073116946001392,validating_time
19,9000,0.0003396759984752862,metadata_time
19,9000,8.001775536999048,requests_time
19,9000,0.12785695000093256,creating_time
19,9000,0.5485947580000357,inserting_time
20,4000,11.219501189001676,total_time
20,4000,6.775844228001006,validating_time
20,4000,0.0003162869998050155,metadata_time
20,4000,4.15005839100013,requests_time
20,4000,0.11218191700027091,creating_time
20,4000,0.18051642599857587,inserting_time
20,3000,7.43847384000037,total_time
20,3000,4.500889386999916,validating_time
20,3000,0.000331405999531853,metadata_time
20,3000,2.6946505719988636,requests_time
20,3000,0.09592660599992087,creating_time
20,3000,0.1460960360000172,inserting_time
20,1000,3.3251315300003625,total_time
20,1000,2.0231659179989947,validating_time
20,1000,0.0003470860010565957,metadata_time
20,1000,1.1207197149997228,requests_time
20,1000,0.10977802699926542,creating_time
20,1000,0.07058243000028597,inserting_time
20,6000,14.572649952000575,total_time
20,6000,8.777291946000332,validating_time
20,6000,0.0002947859993582824,metadata_time
20,6000,5.200216235998596,requests_time
20,6000,0.2660180479997507,creating_time
20,6000,0.3281766340005561,inserting_time
20,5000,13.385586828000669,total_time
20,5000,8.308279179000237,validating_time
20,5000,0.00032261900014418643,metadata_time
20,5000,4.691567492000104,requests_time
20,5000,0.169874887998958,creating_time
20,5000,0.21494779899876448,inserting_time
20,7000,17.016891331000807,total_time
20,7000,10.394727082000827,validating_time
20,7000,0.00035202499930164777,metadata_time
20,7000,6.18938826700105,requests_time
20,7000,0.12035746699984884,creating_time
20,7000,0.3114124450003146,inserting_time
20,8000,18.30141408000054,total_time
20,8000,11.146532331000344,validating_time
20,8000,0.0003185210007359274,metadata_time
20,8000,6.614233701999183,requests_time
20,8000,0.12174008999863872,creating_time
20,8000,0.41787632900013705,inserting_time
20,2000,5.806967895001435,total_time
20,2000,3.3561214150013257,validating_time
20,2000,0.00031612599923391826,metadata_time
20,2000,2.2297272339983465,requests_time
20,2000,0.11164403700058756,creating_time
20,2000,0.10855971399905684,inserting_time
20,10000,22.233911489000093,total_time
20,10000,13.701718303000234,validating_time
20,10000,0.0002873010016628541,metadata_time
20,10000,7.870699561999572,requests_time
20,10000,0.11045122899849957,creating_time
20,10000,0.5501328319987806,inserting_time
20,9000,20.866660465999303,total_time
20,9000,12.300173622999864,validating_time
20,9000,0.00036747400008607656,metadata_time
20,9000,7.983794522999233,requests_time
20,9000,0.08661214499989,creating_time
20,9000,0.4949989029992139,inserting_time
